{"cameraMode":{"drawMode":0,"name":"Shaded","section":"Shading Mode"},"sceneLighting":true,"audioPlay":false,"sceneViewState":{"showFog":true,"showMaterialUpdate":false,"showSkybox":true,"showFlares":true,"showImageEffects":true,"showParticleSystems":true},"in2DMode":false,"pivot":{"x":68.11577606201172,"y":125.92593383789063,"z":-40.99436569213867},"rotation":{"x":0.28092285990715029,"y":-0.6097861528396606,"z":0.24489998817443849,"w":0.6994763612747192},"size":59.799503326416019,"orthographic":true}